name,designation,company,industry,email,phonenumber,country
Yves Semaine,Research Associate,Skinte,n/a,ysemaine0@constantcontact.com,611-712-7657,Madagascar
Deborah Buggs,VP Quality Control,Demizz,n/a,dbuggs1@biglobe.ne.jp,707-792-9038,Egypt
Margareta Akeherst,Geologist I,Brainlounge,Natural Gas Distribution,makeherst2@parallels.com,100-766-9860,Greece
Kerby Dyett,Senior Developer,Yotz,n/a,kdyett3@businesswire.com,948-365-2867,Peru
Cindy Roddell,Administrative Officer,Yodo,n/a,croddell4@walmart.com,200-908-7393,China
Dannye Anfonsi,Office Assistant I,Jabberbean,Advertising,danfonsi5@nyu.edu,919-374-9895,Russia
Wheeler Scough,Technical Writer,Tagcat,Major Pharmaceuticals,wscough6@google.it,514-656-0535,New Zealand
Dylan Eastmond,Structural Analysis Engineer,Voomm,Oil/Gas Transmission,deastmond7@canalblog.com,891-965-0879,China
Korry Selburn,Civil Engineer,Yamia,Real Estate Investment Trusts,kselburn8@usgs.gov,799-949-5488,Japan
Caitrin Corrigan,Internal Auditor,Cogilith,Semiconductors,ccorrigan9@miitbeian.gov.cn,339-216-6793,Indonesia
Jeramey Ruspine,Staff Accountant I,Yozio,Home Furnishings,jruspinea@friendfeed.com,477-975-6809,Brazil
Alysa Dybell,Internal Auditor,Livetube,n/a,adybellb@ehow.com,624-766-2570,Croatia
Cherilyn Schwier,Systems Administrator IV,Vinte,Savings Institutions,cschwierc@stanford.edu,981-984-1822,Indonesia
Faustine Smallshaw,Research Assistant II,Jaxnation,Oilfield Services/Equipment,fsmallshawd@uol.com.br,946-317-6034,Philippines
Gauthier Geockle,Director of Sales,Kwideo,Oil & Gas Production,ggeocklee@ucsd.edu,862-306-3897,Cuba
Conway Reddoch,Recruiting Manager,Gevee,Major Banks,creddochf@state.gov,734-551-0731,Cameroon
Ulises Aleso,Executive Secretary,Fatz,Recreational Products/Toys,ualesog@pinterest.com,817-118-6640,Benin
Cassie Muscat,Administrative Officer,Jaxspan,Savings Institutions,cmuscath@omniture.com,331-986-2397,Indonesia
Ingemar Sissland,Marketing Assistant,Babbleopia,Computer Manufacturing,isisslandi@reverbnation.com,714-167-6212,Brazil
Nichol Leverett,Systems Administrator II,Leenti,Integrated oil Companies,nleverettj@nytimes.com,880-548-8116,China
Rozelle Perree,Civil Engineer,Shuffledrive,Homebuilding,rperreek@addtoany.com,433-342-7249,China
Rad Folkes,Account Representative II,Yodo,Marine Transportation,rfolkesl@china.com.cn,898-786-3686,Russia
Skippy Flament,Design Engineer,Photobean,EDP Services,sflamentm@nifty.com,609-397-7062,France
Sophia Markovic,Quality Engineer,Meevee,Containers/Packaging,smarkovicn@theglobeandmail.com,640-314-2378,China
Anny Silver,Legal Assistant,Jetpulse,Real Estate Investment Trusts,asilvero@ezinearticles.com,677-710-1236,Portugal
Arni MacTerlagh,Senior Editor,Skynoodle,Radio And Television Broadcasting And Communications Equipment,amacterlaghp@mashable.com,607-818-6420,Philippines
Lory Prosek,Help Desk Operator,Feednation,Business Services,lprosekq@nyu.edu,543-725-0408,Indonesia
Lavinie Ferrucci,Product Engineer,Ailane,n/a,lferruccir@cbslocal.com,276-559-2549,China
Beltran Domange,VP Quality Control,Topicstorm,Farming/Seeds/Milling,bdomanges@yolasite.com,795-765-2847,China
Leopold Sickamore,Graphic Designer,Photobean,Oil & Gas Production,lsickamoret@umich.edu,901-628-4843,China
Angelita Sage,Librarian,Skyvu,Biotechnology: Laboratory Analytical Instruments,asageu@ucoz.ru,379-912-5759,Indonesia
Roosevelt Pichan,Web Developer IV,Oloo,Farming/Seeds/Milling,rpichanv@nasa.gov,367-882-8637,Ukraine
Heather Grigoriev,General Manager,Skilith,Business Services,hgrigorievw@nih.gov,207-213-5253,Zimbabwe
Jolene Kield,Technical Writer,Meezzy,Electrical Products,jkieldx@blog.com,485-341-5138,Russia
Spike Skinley,Desktop Support Technician,Skipfire,Natural Gas Distribution,sskinleyy@hibu.com,621-924-0846,China
Aurora Fogel,Structural Analysis Engineer,Wikido,Package Goods/Cosmetics,afogelz@aol.com,309-741-4492,Brunei
Fedora Dilke,Project Manager,Rhycero,EDP Services,fdilke10@omniture.com,207-823-0554,Poland
Willa Peppard,Software Consultant,Kanoodle,Real Estate Investment Trusts,wpeppard11@goo.gl,638-560-9478,Russia
Fan Baxstair,Food Chemist,Quire,Hotels/Resorts,fbaxstair12@cbc.ca,282-884-1808,Poland
Belvia Johnikin,Media Manager II,Gigabox,n/a,bjohnikin13@51.la,749-316-5568,China
Danyelle Exley,Web Developer IV,Feedbug,Oil & Gas Production,dexley14@spiegel.de,657-970-8881,China
Malvin Crocetti,Senior Sales Associate,Vipe,n/a,mcrocetti15@ehow.com,139-926-3192,Indonesia
Christy Hellicar,Web Designer IV,Yodoo,Major Banks,chellicar16@fema.gov,735-476-7560,Poland
Coralyn Bowdon,Social Worker,LiveZ,Major Banks,cbowdon17@imgur.com,184-296-5451,Austria
Barnie Saward,Nuclear Power Engineer,Eire,Telecommunications Equipment,bsaward18@list-manage.com,850-594-8550,Malta
Halimeda Kochs,Senior Editor,Minyx,Computer Software: Prepackaged Software,hkochs19@psu.edu,608-287-9980,China
Eldridge Kopman,Web Developer III,Kayveo,Business Services,ekopman1a@google.pl,412-851-3808,China
Robinia Gibberd,Web Designer II,Rooxo,Computer Software: Prepackaged Software,rgibberd1b@blogger.com,212-851-3573,Japan
Valentia Congreave,Structural Analysis Engineer,Photobug,n/a,vcongreave1c@craigslist.org,852-151-2449,Japan
Sigismundo Hovel,Programmer I,Skiba,Real Estate Investment Trusts,shovel1d@ucoz.com,673-820-8598,Canada
